pseudo|client_nom|client_pre|email|client_adresse|client_tel|d_naissance|mdp|date_inscrip|pays
LevineCalderon|Ratliff|Burke|orci.tincidunt.adipiscing@Fuscediam.ca|Ap #320-9207 Dui St.|000-223-9337|03-06-07|KXH97MFG3BQ|07-27-19|San Marino
SweetBrady|Mayer|Alan|eros@mauris.co.uk|8317 Scelerisque Rd.|09 68 07 73 31|07-02-87|KLS30TFN3HW|11-11-18|Vanuatu
ChenOlson|Foley|Teagan|aliquet.metus.urna@velit.co.uk|724-3125 Urna Street|(09) 4936 3222|12-22-72|ATA25AYR0BP|10-10-18|Puerto Rico
BestConner|Adkins|Slade|Etiam@idsapienCras.edu|2194 Sem Av.|(05) 6982 7370|03-09-09|RSE11QQK0TR|10-05-19|Iceland
VangDillard|Mcdowell|Olympia|pede.blandit.congue@magna.co.uk|P.O. Box 432, 9532 Donec Av.|(03) 2440 9516|02-20-97|RFW11MZC5JI|07-31-19|Western Sahara
BryanGross|Boyer|Gillian|Nullam.velit@ligulaAenean.com|962 Cursus Ave|04 82 77 00 52|08-08-75|XZU55CCX5XC|01-03-18|Sudan
BryantMarshall|Lee|Thaddeus|nibh@a.co.uk|Ap #404-4013 Hymenaeos. Av.|010-556-6089|11-24-10|HXJ77FHH2NV|06-12-19|Svalbard and Jan Mayen Islands
MayerCarson|Daugherty|Nayda|semper.rutrum@consequatauctornunc.org|Ap #623-6112 Et St.|01 44 62 75 08|03-24-84|ETP22PAH8EA|12-21-17|Tajikistan
FreemanWitt|Langley|Savannah|ante.Vivamus.non@egestas.com|7794 At Road|09 56 29 10 88|01-14-86|EYO94OJZ6IO|03-07-20|Nepal
ChristianKinney|Combs|Lois|Proin@egestasFusce.net|1174 Malesuada Avenue|07 88 24 33 58|01-11-80|NSK40CWJ8WM|11-29-20|Syria
GlennErickson|Franco|Oren|amet@purus.org|759-7110 Blandit St.|(01) 7961 3717|05-13-12|KZB73OED5DK|11-22-17|Korea, North
GallowayHewitt|Mcclain|Ezekiel|eget.odio@liberoMorbi.edu|122-988 Magnis Rd.|03 61 71 61 16|04-27-73|NKF58KJL8VO|06-10-17|Kiribati
McdowellClemons|Brooks|Bo|euismod.ac@aliquamadipiscinglacus.net|9830 Lorem Road|(09) 5228 5149|05-17-78|WWL84LBY7FG|02-08-18|Nigeria
AtkinsonChen|Hodges|Farrah|vitae.aliquam@elitpharetraut.org|942-2279 Nulla Avenue|(08) 4855 2326|01-16-05|NKF21JIL0UO|07-05-18|Ukraine
GayMclean|Blankenship|Malik|bibendum.ullamcorper.Duis@non.net|193-5533 Odio St.|08 54 22 13 43|02-15-06|UNF87RUD7YB|06-19-19|Comoros
MullinsOdonnell|Clay|Ursa|natoque@vel.edu|P.O. Box 457, 4056 Imperdiet, St.|02 16 89 61 49|01-03-92|MQS15PFS4YT|04-27-18|Isle of Man
StrongBurnett|Sanford|Dara|varius@augueSedmolestie.co.uk|3286 Eros Rd.|(02) 0146 6284|08-10-80|OTN41AXJ6RC|10-10-19|Hungary
DouglasHughes|Short|Chiquita|quis@Pellentesquetincidunt.edu|P.O. Box 878, 501 Odio St.|063-184-8595|09-29-81|LXB62VXO4GQ|09-20-18|Curaçao
JensenManning|Vega|MacKenzie|facilisis.lorem@nisi.co.uk|P.O. Box 221, 3576 Elit Street|08 16 44 99 85|08-20-04|WHN06IKU3OQ|09-21-20|Saudi Arabia
JosephBarnett|Snow|Blythe|gravida@vitae.net|6898 Imperdiet Ave|(03) 5238 3325|04-30-94|AWR41UAW8IH|08-24-20|Austria
PachecoSweet|Stevenson|Shellie|amet@In.com|949-8553 Diam Road|(09) 0326 7795|11-17-72|EST70ZBV0BU|06-16-17|South Africa
DominguezPratt|Charles|Luke|aliquet.libero@a.org|747-3089 Dui Street|(03) 2088 8240|05-13-76|OMU53BEM4GE|02-15-19|Belarus
ShepardMullins|Valencia|Lynn|massa.Quisque@tortor.edu|Ap #605-4289 Turpis. Avenue|055-546-4129|09-19-98|ZYV50ICK1AV|11-30-18|Tajikistan
BeachHardy|Workman|Griffith|viverra@a.edu|P.O. Box 563, 5218 Sit Ave|(02) 5091 8027|02-06-12|JNU20AWS8UH|08-18-18|Algeria
RussoWalls|Lindsay|Casey|Suspendisse@semeget.ca|Ap #525-8938 Mauris. Av.|(04) 3864 4521|12-05-14|ZKB52HPM8QT|03-02-18|Tuvalu
RamseyFernandez|Washington|Lesley|sapien.Nunc@adipiscinglacusUt.ca|P.O. Box 107, 5274 Phasellus Rd.|(05) 7731 8664|11-04-00|QVX68FOS3TW|08-28-20|Guinea
GriffithMitchell|Bullock|Hammett|Etiam.vestibulum.massa@elitafeugiat.ca|P.O. Box 140, 2649 At St.|(01) 9794 5525|07-03-95|MYR37LIB3NO|01-21-21|Cook Islands
MorenoHanson|Wade|Noelle|Duis@mollisdui.org|1036 At Road|(05) 5966 7322|11-29-84|HBU54PJY8XW|03-07-20|Saint Pierre and Miquelon
RandolphCombs|Mueller|Mira|massa.Integer@egestas.edu|Ap #722-5584 Vel Street|04 95 70 32 93|04-23-03|ICL82EEV3HU|05-24-19|Guatemala
WorkmanShaffer|Camacho|Kiara|aliquet.magna.a@mattisornarelectus.ca|5802 Proin St.|(09) 9366 6433|12-01-91|RAZ75ZMZ5TN|06-25-17|Mayotte
TateLloyd|Bates|Iola|vitae@id.ca|P.O. Box 231, 2352 Id Ave|049-989-1296|07-23-81|DMR62MHG6LL|03-09-20|Portugal
RichardsonDuncan|Abbott|Adrian|a.ultricies.adipiscing@rutrummagnaCras.co.uk|P.O. Box 552, 2205 Ut Rd.|05 76 92 46 48|09-23-00|GYI25AZK6ZH|12-07-18|Côte D'Ivoire (Ivory Coast)
RushSanders|Armstrong|Cyrus|velit.Aliquam.nisl@lobortis.ca|121-1100 Massa St.|005-385-0085|03-05-07|UVL73GUO8FN|12-02-17|Christmas Island
MendozaBeck|Powell|Jada|pede.blandit.congue@nondui.edu|P.O. Box 798, 8454 Tristique St.|017-543-3735|06-18-99|COC84LCE3LX|08-09-17|Swaziland
VegaBrock|Maxwell|Madison|libero.mauris.aliquam@penatibusetmagnis.edu|185-5433 Accumsan Road|(09) 0806 2080|01-02-83|PPX81ATO4XF|04-16-19|Kyrgyzstan
WyattMorrison|Levine|Shad|facilisi@Cras.org|8926 Ultricies St.|(05) 5803 8148|07-06-92|JEZ84BIJ6GL|03-09-20|Singapore
SandovalFischer|Cardenas|Hop|elit.Aliquam@tortorNunccommodo.net|Ap #444-5011 Purus Road|056-126-7011|09-02-99|LRO25VTE0FG|10-21-17|Egypt
RothHaley|Sweet|Nevada|tincidunt.congue.turpis@elementum.net|1492 Semper Road|01 62 85 67 29|01-20-16|KDF50JXM6BZ|05-26-21|Luxembourg
MirandaHolmes|Sanford|Claudia|mattis@ultricesaauctor.com|P.O. Box 967, 2771 Risus Street|05 39 21 73 17|12-31-90|VKO46IBX5JF|08-11-20|Malawi
StewartReyes|Oneil|Teagan|Fusce.mollis.Duis@esttemporbibendum.org|376-3366 Libero St.|006-477-9084|10-15-99|NAW62VEA8YR|01-21-21|Kiribati
TrujilloLowery|Schultz|Ethan|magna.a.tortor@massaInteger.com|6196 Ut Rd.|(05) 4494 5071|02-24-01|QXT52HSA7PK|07-16-17|Belize
BonnerGood|Maddox|Basia|non.hendrerit@utodiovel.com|5163 Orci, St.|01 39 32 56 31|11-27-99|OBI51KBI4ZI|11-22-18|Moldova
MarshPugh|Castro|Dieter|risus.odio.auctor@ligulaAliquamerat.co.uk|2119 Nascetur Rd.|(03) 8065 7651|04-14-00|CNU02NLI7WL|05-22-19|Portugal
QuinnFerrell|Casey|Sopoline|a@accumsanlaoreetipsum.org|8529 Ac Avenue|(04) 0323 1411|01-29-82|TAU55SHJ8QW|01-07-21|Aruba
CoteHughes|Short|Margaret|vehicula.risus.Nulla@enim.net|4730 Sed Road|016-390-9861|11-30-11|VDQ74KAL0TW|02-05-20|Poland
ClarkMiles|Reese|Carol|massa@ridiculus.com|P.O. Box 392, 4512 Semper. St.|(09) 5253 5150|12-19-82|TJZ37FJK7UA|09-06-20|Zambia
CamposSolis|Kinney|Dalton|adipiscing@Phaselluslibero.net|988-8344 Varius. St.|(02) 1324 5331|06-14-87|GKH83NSU0RF|06-25-18|Russian Federation
BranchWilkerson|Hall|Montana|risus@euismodurna.org|228-1302 Amet, Avenue|075-147-0193|02-01-83|KOR80XOC4ZX|12-17-18|Eritrea
KellyJohnston|Mccray|Chancellor|erat.neque@Crasvulputatevelit.org|131-3012 Cursus. St.|054-270-3462|06-13-14|TGS32NHW3KA|01-28-20|French Polynesia
BestOliver|Waters|Lucian|malesuada.ut.sem@adipiscing.ca|P.O. Box 625, 4748 Quis, Street|03 35 14 33 74|02-16-82|JUY23HZC9FK|02-11-21|Singapore
LambPugh|Tillman|Lesley|orci@liberoestcongue.org|Ap #414-1875 Risus. Avenue|(01) 1483 7999|02-08-86|HPZ20LGL2MY|06-07-20|Tonga
HouseHayes|Chavez|Colby|facilisis.non@dolortempusnon.org|456-3329 Faucibus St.|(09) 1795 7720|09-30-83|TNU02QDX7MK|05-19-18|Congo, the Democratic Republic of the
LottKlein|Gutierrez|Amos|Quisque@massalobortisultrices.com|9837 Risus Av.|(02) 5536 4953|01-06-89|PJP73DOA0XS|09-01-18|Morocco
VegaDiaz|Ewing|Thaddeus|sed.sapien.Nunc@lobortistellusjusto.com|P.O. Box 671, 548 Vel, Ave|095-378-1938|04-25-14|TMQ94MXI5RP|11-05-18|Jamaica
BoyleWalters|Carr|Teegan|ut.nisi@ornareelitelit.org|3797 Vitae Street|05 59 91 22 73|02-20-74|TGQ83GWB2VZ|06-03-18|Chad
MccrayRichard|Knapp|Avram|sem@tellusPhasellus.edu|P.O. Box 910, 9967 Luctus, Ave|07 20 64 43 32|11-29-81|QKH96MSG1UM|08-30-17|Virgin Islands, United States
KnightMay|Love|Susan|bibendum.ullamcorper@eulacus.com|573-6844 Risus. St.|(06) 5545 5558|05-14-08|YTQ79XNH0IE|10-15-20|Angola
RossPerez|Graves|Carlos|vitae.nibh.Donec@Aenean.co.uk|577-9197 Egestas. Street|08 28 49 76 59|12-28-85|PDC38NPO3DL|01-29-21|Angola
PattonConner|Mcgowan|Unity|Lorem.ipsum.dolor@interdum.net|P.O. Box 661, 2252 Tempus Rd.|(04) 2471 6805|07-27-94|HOC76HZG2AL|11-26-18|Macedonia
HewittSlater|Powers|Gillian|ornare@pede.edu|Ap #639-3997 Porttitor Ave|03 49 58 28 36|10-29-87|YQQ43HLP8MZ|04-21-19|Lithuania
MckinneySchultz|Stanley|Cody|magna@laoreetliberoet.org|P.O. Box 877, 7544 Tellus. Ave|049-332-4580|03-24-71|IXM83ZQD9WS|09-22-20|Egypt
BoydShaffer|Hogan|Jarrod|dignissim@Sed.edu|P.O. Box 631, 9998 Vulputate, Ave|04 14 67 58 26|04-12-00|IAN38MIF4XW|12-07-17|Aruba
DavisVance|Bush|Jonah|ultrices.iaculis@mauris.net|9826 Pellentesque Avenue|071-583-6223|12-08-74|NMC92VDK9AR|10-21-18|Mayotte
RamseyWatts|Morrow|Dahlia|est.ac.facilisis@egetvolutpat.co.uk|Ap #483-3859 Aliquet Ave|01 27 86 86 28|03-29-73|OQC25OXH4UX|07-10-20|Rwanda
LeachGraham|Olsen|Shaeleigh|Sed.nunc.est@bibendumsed.com|111-5720 Ornare Rd.|(05) 7584 9680|12-11-75|NWB21BVC4GI|09-17-19|Croatia
WootenTate|Farrell|Quinn|augue.eu.tempor@arcu.net|P.O. Box 787, 5186 Ligula Av.|04 42 51 52 43|06-20-02|MSS49BGD2LA|09-25-19|Korea, South
RoseHoward|Whitley|Oren|enim.diam@eleifend.co.uk|7831 Aliquet. St.|020-196-0831|01-20-85|WBR89GFL2NN|06-04-18|Papua New Guinea
CottonGoodwin|Brennan|Candice|tempor.diam@Inmi.co.uk|Ap #510-8658 Feugiat. St.|090-908-5414|07-04-01|ITV59FUJ1GD|01-31-21|Trinidad and Tobago
WoodsRiggs|Donovan|Kennan|non.magna@Aliquam.edu|193-6191 Eget Road|07 82 32 68 36|11-01-95|RSS26FXD6LX|07-15-17|Jersey
MirandaParker|Copeland|Warren|dictum@quamvelsapien.edu|677-6635 Ante Av.|04 32 62 35 12|01-03-08|GAM69ZUC1BX|09-15-18|Saint Pierre and Miquelon
McguireFitzgerald|Lang|Aspen|nec.orci.Donec@aultriciesadipiscing.com|530-7218 Dictum Ave|055-331-0973|10-02-82|KST85GNW6LU|01-05-19|Nepal
HopperGay|Hale|Warren|Ut.semper@vitae.edu|193-4858 Iaculis Av.|(05) 3425 2558|01-06-15|UTF03ZAK9AL|07-21-20|Somalia
LoweBender|Miranda|Wylie|amet@ornaretortorat.co.uk|371 A, St.|(02) 0991 3471|12-09-11|XCX90EXT2XU|10-18-17|French Guiana
CrawfordNash|Cote|Linus|parturient.montes@urnaVivamusmolestie.co.uk|6974 Tempus, Avenue|07 37 64 92 62|12-06-96|MLG11ZWC7KZ|06-11-18|Virgin Islands, British
HendricksAbbott|Marquez|Kevyn|et@ultricesiaculis.com|Ap #379-5192 Nec Av.|015-750-5930|01-09-96|KLX06UOX5BM|09-27-18|Hungary
MccoyMullen|Rutledge|Matthew|dui.Cum.sociis@purussapiengravida.net|363-8024 Nonummy St.|(08) 8911 8607|09-30-93|EMM32KWH6CH|04-23-18|Malawi
FryCase|Daugherty|Perry|Maecenas.malesuada@consequatauctornunc.co.uk|Ap #246-555 Est St.|(02) 6003 6277|02-26-06|GXH79MPE2TF|07-12-18|Grenada
ThorntonMichael|Lucas|Alexander|ipsum@pedeet.net|Ap #659-8361 Magna Street|(06) 0692 1666|02-02-77|YXF48UNI2TC|10-02-18|Uganda
SharpeDennis|Hutchinson|Abel|lectus@tempusloremfringilla.ca|P.O. Box 223, 1746 Dictum Av.|08 58 07 25 50|07-31-86|OEP28IVT8PV|11-07-19|Peru
WongMcgee|Farrell|Callum|ridiculus@neceleifendnon.org|P.O. Box 701, 8775 Suspendisse Avenue|042-917-0877|11-02-05|FXW67QOQ7UA|10-21-17|Isle of Man
HuffMiddleton|Greene|Gisela|hymenaeos.Mauris.ut@sem.net|989-2143 Condimentum Road|061-137-6993|01-14-73|CLV99OMP7TK|10-18-18|Indonesia
LittleMathis|Barber|Aline|Donec@vulputateposuerevulputate.ca|Ap #746-4412 Nunc St.|085-649-8259|03-25-87|QVX96JAM4SB|09-18-19|Angola
RichardMcfarland|Bradley|Demetrius|ac.mattis@molestieintempus.org|P.O. Box 517, 1028 Convallis St.|06 78 69 90 87|06-19-74|TJN64CTD0JU|03-25-20|Palestine, State of
HawkinsCalderon|Frazier|Noble|a.ultricies.adipiscing@utodiovel.edu|6528 Eget Av.|(05) 8932 7303|10-29-98|LXN64ERC8PO|04-25-18|Cameroon
StevensonEdwards|Sharpe|Cynthia|non@Curabitur.net|410-9925 Enim Rd.|06 16 86 34 40|07-05-04|ORD09JWX3OJ|02-28-18|Denmark
HensonFleming|Townsend|Kato|id@a.edu|Ap #102-4659 Phasellus Street|03 14 69 33 08|11-19-75|AHZ02ZHY3YU|05-16-21|Nepal
MullenBlevins|Garner|Lillith|congue.turpis.In@Aliquam.net|2068 Sed Rd.|033-780-6449|07-15-81|LBV39TXG7EW|09-23-18|Greenland
ValenzuelaParsons|Shepard|Alvin|per.inceptos.hymenaeos@egetodio.com|523-5222 Ante St.|054-723-8169|01-31-07|YFL70SIS5KY|11-25-19|Canada
HartPickett|Thornton|Nelle|Mauris.nulla@nuncacmattis.edu|7098 Quisque Rd.|02 35 82 35 51|04-25-02|VSR54XSD6OY|11-18-20|Guinea
ClarkeHayden|Pollard|Scarlett|Ut@arcuVivamussit.net|2206 Auctor, Ave|09 17 53 14 70|08-16-82|EYB44ZDC0KD|11-08-19|Korea, North
HodgesHarris|Lowe|Jerry|tincidunt.dui@facilisismagnatellus.edu|Ap #839-344 At Rd.|(04) 0243 0866|04-19-86|IAO27HTX3ZN|08-11-18|Falkland Islands
RaymondSwanson|Boyd|Sade|tristique.senectus.et@ligula.ca|834-4939 A, Ave|(04) 8557 8021|09-09-73|QJQ93YRZ6BL|07-26-18|Switzerland
GuerraValencia|Knox|Iris|sit.amet.consectetuer@amet.co.uk|2702 Facilisis St.|01 77 54 89 59|11-17-15|CBL82PHA7LB|08-11-18|Aruba
FrazierMeyers|Daniels|Cassady|auctor.nunc@dignissimtempor.edu|3030 Sagittis Av.|09 11 77 34 95|01-04-93|FON95KFA3VH|09-16-20|Kuwait
GrayBrewer|French|Armando|Sed@malesuada.org|666-3757 Rutrum Ave|(05) 1405 1915|02-13-73|YLF48SJT0UV|09-21-20|Bulgaria
ConradBruce|Scott|Erica|mi@vitaevelit.org|826-2429 Venenatis St.|(06) 5577 5510|11-29-70|HDG72AFR2CC|04-24-19|Burkina Faso
BenderEmerson|Underwood|Ali|orci.luctus.et@interdumfeugiat.org|285-4380 Bibendum Rd.|(07) 2981 1703|12-24-12|TQM53NKC9LA|09-16-17|Virgin Islands, United States
HaydenBlake|Wallace|Arthur|sapien@vitae.ca|3401 Dictum Avenue|02 01 84 73 70|09-07-09|LQF38VOZ1CV|07-29-20|Jamaica
AnthonyDuncan|Avila|Laith|consequat@mollisneccursus.ca|3621 Morbi Av.|(07) 9705 4680|06-30-97|ELP25MFI8ST|06-15-20|Cameroon
WelchBauer|Cherry|Raphael|Cras.vulputate.velit@ipsumporta.net|413-4749 Consectetuer Rd.|005-978-8922|01-02-06|SBY00QJL0RG|10-16-19|Aruba