adress_fact|adress_livr
847-2124 Vestibulum Rd.|4376 Lectus Rd.
P.O. Box 935, 9819 Sed St.|Ap #404-5036 Ac Street
961-8890 Consectetuer St.|P.O. Box 927, 991 Est Av.
125-5411 Proin Avenue|P.O. Box 769, 487 Lorem, St.
1131 Dis Ave|914-9369 Tempor Ave
Ap #371-7077 Sit Avenue|Ap #312-882 Vestibulum Ave
3921 Lobortis, Street|5555 Lorem St.
P.O. Box 297, 2560 Sem. St.|Ap #280-3066 Amet, St.
409-9942 Risus Rd.|P.O. Box 305, 5597 Aliquet Ave
361-5991 Morbi St.|P.O. Box 460, 9940 Augue St.
603-1180 Aliquam Rd.|191-9277 Imperdiet Road
351-1235 Tincidunt Rd.|Ap #826-9985 Tortor. Av.
9018 Feugiat Road|854-8363 Quisque Road
P.O. Box 829, 2437 Nonummy. Avenue|8375 Mauris Street
6853 Purus St.|P.O. Box 560, 7036 Aliquet St.
Ap #628-1756 Sem St.|Ap #756-1843 Augue Road
198-2038 Ultrices Ave|P.O. Box 207, 4463 Consectetuer Avenue
506-5832 Et Ave|Ap #288-3188 Tempor Rd.
670-6089 Eget Rd.|846-8032 Nascetur Av.
P.O. Box 519, 1353 Quam St.|3267 Interdum Rd.
P.O. Box 499, 8069 Aliquet Av.|Ap #348-2330 Sed Avenue
894-3875 Dapibus Avenue|P.O. Box 327, 6392 Pharetra, Av.
P.O. Box 959, 1364 Cras Av.|Ap #838-7603 Aptent Rd.
631-1071 Nec Rd.|156-1853 Euismod Rd.
P.O. Box 978, 4609 Ultrices Ave|Ap #718-3408 Est, Rd.
P.O. Box 756, 9491 Non, Road|Ap #568-2807 Lectus Rd.
1102 Iaculis Ave|230 Malesuada St.
6053 Vitae Road|851-3767 Duis St.
995-554 Elementum, Road|2035 Scelerisque, Road
1916 Feugiat. Avenue|Ap #935-693 Vel Road
Ap #886-554 Dis Road|5506 Augue Rd.
Ap #393-6188 Cras St.|P.O. Box 320, 4411 Tempor St.
P.O. Box 486, 2792 Id, Avenue|Ap #542-9405 Sit St.
Ap #773-4272 Nullam Rd.|870-1851 Mattis. St.
164-5245 Nonummy St.|994-1121 Eros Street
256-8099 A, Ave|Ap #189-3668 Orci Rd.
8301 Facilisi. Av.|970-1682 Egestas Avenue
Ap #946-5742 Lectus Rd.|P.O. Box 730, 4703 Ornare Av.
7550 Vulputate Rd.|6506 Posuere Rd.
Ap #193-9870 Quis Avenue|P.O. Box 284, 9750 Velit. Av.
Ap #183-5973 Non St.|516-6470 Non, Av.
Ap #719-4531 Sapien, Ave|Ap #649-7252 Leo, St.
7778 Tempus Avenue|252-8457 Id, Rd.
7310 Nec Rd.|P.O. Box 137, 3191 Dolor St.
666-9122 Ligula Ave|P.O. Box 941, 9948 Tempor St.
989-2516 Amet, St.|P.O. Box 535, 9355 Blandit. Rd.
287-400 Vulputate, Ave|8628 Donec Rd.
6271 Fusce St.|342-9926 Amet, Avenue
Ap #168-7606 Fermentum Rd.|P.O. Box 631, 1186 Tincidunt Av.
Ap #829-2431 Eu, Avenue|926-9778 Dolor. Street
Ap #945-9385 Risus. St.|Ap #757-298 Odio. Ave
P.O. Box 487, 7103 Praesent Rd.|Ap #871-3209 Sed Avenue
P.O. Box 529, 9138 Mauris Ave|8175 Aliquet, Rd.
P.O. Box 516, 4581 Scelerisque Av.|P.O. Box 149, 9585 Urna. Road
914-9779 Accumsan Street|5960 A St.
953-640 Erat St.|150-7730 Eu, Av.
Ap #808-9042 Dictum Av.|Ap #182-380 Fringilla. Ave
P.O. Box 388, 7461 Massa. Road|747-446 Cursus Street
Ap #692-9057 Turpis. Avenue|P.O. Box 890, 2015 Sed Av.
6664 Risus. Rd.|P.O. Box 204, 1825 Et St.
7904 Sem St.|637-7428 At, St.
P.O. Box 502, 8537 Quisque Street|482-9145 Nec St.
2862 Tempus Ave|P.O. Box 903, 9513 Malesuada Ave
P.O. Box 657, 1249 Donec Avenue|778-1429 Vel St.
3672 Penatibus St.|Ap #417-8249 In Street
4075 Diam. Ave|P.O. Box 816, 3827 Proin St.
983-894 Scelerisque Road|9073 Vel Rd.
Ap #730-8932 Aliquet, Avenue|542-2813 Vitae, Street
674-4847 Odio, Ave|658-1762 Nibh. Road
9105 Ut Av.|9643 Augue Rd.
8495 Dis St.|P.O. Box 113, 1369 Non Road
Ap #999-4444 Rhoncus Road|P.O. Box 447, 442 Sed Road
P.O. Box 881, 3937 Fermentum Street|3498 Nunc Rd.
4847 Lorem Rd.|Ap #845-8362 Ac Rd.
5778 Nullam Road|Ap #769-3133 Semper Rd.
165-352 Nulla Rd.|334-8452 Mi Rd.
P.O. Box 203, 2512 Tincidunt St.|7436 Dignissim Avenue
P.O. Box 329, 7314 Proin Av.|5709 Non Avenue
2297 Gravida Road|P.O. Box 699, 8373 Elit, Rd.
264-8451 Velit. Road|Ap #583-3927 Tempus, Rd.
6328 Ut Street|932 Sagittis Rd.
P.O. Box 313, 1624 Risus. St.|P.O. Box 496, 2600 Imperdiet, Road
7732 Est Road|P.O. Box 735, 6271 Consectetuer Rd.
4380 Varius. St.|6067 Dis Ave
P.O. Box 595, 732 Nunc St.|314-4968 Nunc Ave
Ap #530-5276 Id, Avenue|509-3640 Euismod Road
Ap #738-4274 Dui Street|9415 Urna. St.
405-5774 Lorem, Road|126-2532 Luctus Road
551-1192 Ante Rd.|341-8522 Congue Ave
P.O. Box 180, 9690 Eu Street|1427 Adipiscing Rd.
920-7591 A Rd.|P.O. Box 650, 8794 Mollis Avenue
466-6773 Nullam St.|623-5780 Volutpat. Rd.
521-7382 Vitae Road|3380 Faucibus Avenue
Ap #150-8708 Risus Rd.|P.O. Box 258, 7363 At St.
P.O. Box 325, 9532 Consequat Avenue|Ap #791-9832 Donec Rd.
Ap #705-5268 Auctor Rd.|837-9304 Cursus St.
Ap #433-7870 Urna. St.|2721 Magna Rd.
9064 Tellus Ave|Ap #177-1883 Mauris Road
P.O. Box 499, 3277 Diam Street|239-7383 Erat St.
537-8997 Ornare, Ave|3754 Quis, Road