nom_editeur,id_serie
Wani Books,1
Media Blasters,2
Kazé,3
Akita Shoten,4
Bento Books,5
Fantagraphics,6
Fantagraphics,7
Kazé,8
Casterman,9
Wani Books,10
Media Blasters,11
Mag Garden,12
Mag Garden,13
Media Blasters,14
Animate,15
Panini Comics,16
Media Blasters,17
Bento Books,18
Madman Entertainment,19
Wani Books,20
Akita Shoten,21
Casterman,22
Media Blasters,23
Animate,24
Madman Entertainment,25
Casterman,26
Kazé,27
Wani Books,28
Kazé,29
Fantagraphics,30
Bento Books,31
Animate,32
Fantagraphics,33
Media Blasters,34
Casterman,35
Bento Books,36
Mag Garden,37
Wani Books,38
Kazé,39
Panini Comics,40
Akita Shoten,41
Kazé,42
Fantagraphics,43
Animate,44
Fantagraphics,45
Mag Garden,46
Media Blasters,47
Casterman,48
Akita Shoten,49
Wani Books,50
Madman Entertainment,51
Fantagraphics,52
Akita Shoten,53
Animate,54
Media Blasters,55
Panini Comics,56
Mag Garden,57
Mag Garden,58
Casterman,59
Bento Books,60
Kazé,61
Kazé,62
Kazé,63
Panini Comics,64
Wani Books,65
Casterman,66
Animate,67
Akita Shoten,68
Fantagraphics,69
Bento Books,70
Casterman,71
Casterman,72
Wani Books,73
Media Blasters,74
Akita Shoten,75
Fantagraphics,76
Panini Comics,77
Fantagraphics,78
Bento Books,79
Media Blasters,80
Panini Comics,81
Akita Shoten,82
Wani Books,83
Fantagraphics,84
Animate,85
Mag Garden,86
Media Blasters,87
Akita Shoten,88
Bento Books,89
Fantagraphics,90
Panini Comics,91
Fantagraphics,92
Media Blasters,93
Panini Comics,94
Fantagraphics,95
Madman Entertainment,96
Panini Comics,97
Mag Garden,98
Panini Comics,99
Media Blasters,100
Kazé,101
Panini Comics,102
Madman Entertainment,103
Animate,104
Akita Shoten,105
Media Blasters,106
Akita Shoten,107
Madman Entertainment,108
Akita Shoten,109
Marvel Comics,110
Marvel Comics,111
Marvel Comics,112
Marvel Comics,113
Marvel Comics,114
Marvel Comics,115
Marvel Comics,116
Marvel Comics,117
Marvel Comics,118
Marvel Comics,119
Marvel Comics,120
Marvel Comics,121
Marvel Comics,122
Marvel Comics,123
Marvel Comics,124
Marvel Comics,125
Marvel Comics,126
Marvel Comics,127
Marvel Comics,128
Marvel Comics,129
Marvel Comics,130
Marvel Comics,131
Marvel Comics,132
Marvel Comics,133
Marvel Comics,134
Marvel Comics,135
Marvel Comics,136
Marvel Comics,137
Marvel Comics,138
Marvel Comics,139
Marvel Comics,140
Marvel Comics,141
Marvel Comics,142
Marvel Comics,143
DC Comics,144
DC Comics,145
DC Comics,146
DC Comics,147
DC Comics,148
DC Comics,149
DC Comics,150
DC Comics,151
DC Comics,152
DC Comics,153
DC Comics,154
DC Comics,155
DC Comics,156
DC Comics,157
DC Comics,158
DC Comics,159
DC Comics,160
DC Comics,161
DC Comics,162
DC Comics,163
DC Comics,164
DC Comics,165
DC Comics,166
DC Comics,167
DC Comics,168
DC Comics,169
DC Comics,170
DC Comics,171
DC Comics,172
DC Comics,173
DC Comics,174
DC Comics,175
DC Comics,176
DC Comics,177
DC Comics,178
DC Comics,179
DC Comics,180
DC Comics,181
DC Comics,182
DC Comics,183
DC Comics,184
DC Comics,185
DC Comics,186
DC Comics,187
DC Comics,188
DC Comics,189
DC Comics,190
DC Comics,191
DC Comics,192
DC Comics,193
DC Comics,194
DC Comics,195
DC Comics,196
DC Comics,197
DC Comics,198
DC Comics,199
DC Comics,200
DC Comics,201
DC Comics,202
DC Comics,203
DC Comics,204
DC Comics,205
DC Comics,206
DC Comics,207
DC Comics,208
DC Comics,209
DC Comics,210
DC Comics,211
DC Comics,212
DC Comics,213
DC Comics,214
DC Comics,215
DC Comics,216
DC Comics,217
DC Comics,218
DC Comics,219
DC Comics,220
DC Comics,221
DC Comics,222
DC Comics,223
DC Comics,224
DC Comics,225
DC Comics,226
DC Comics,227
DC Comics,228
DC Comics,229
DC Comics,230
DC Comics,231
DC Comics,232
DC Comics,233
DC Comics,234
DC Comics,235
Delcourt,236
Dark Horse Comics,237
DC Comics,238
DC Comics,239
Marvel Comics,240
Marvel Comics,241
